{
    "Ar36": {
        "error": 0.00026634910904584525, 
        "filter_outliers_dict": {
            "filter_outliers": true, 
            "iterations": 2, 
            "std_devs": 2
        }, 
        "fit": "Parabolic", 
        "value": 0.0023351528627597543
    }, 
    "Ar37": {
        "error": 0.009246042360088061, 
        "filter_outliers_dict": {
            "filter_outliers": true, 
            "iterations": 2, 
            "std_devs": 2
        }, 
        "fit": "linear", 
        "value": 0.04733826114812108
    }, 
    "Ar38": {
        "error": 0.010958182140197876, 
        "filter_outliers_dict": {
            "filter_outliers": true, 
            "iterations": 2, 
            "std_devs": 2
        }, 
        "fit": "linear", 
        "value": -0.12504766376016255
    }, 
    "Ar39": {
        "error": 0.018361886616303773, 
        "filter_outliers_dict": {
            "filter_outliers": true, 
            "iterations": 2, 
            "std_devs": 2
        }, 
        "fit": "Parabolic", 
        "value": 0.051737640798115006
    }, 
    "Ar40": {
        "error": 0.016050864592383973, 
        "filter_outliers_dict": {
            "filter_outliers": true, 
            "iterations": 2, 
            "std_devs": 2
        }, 
        "fit": "Parabolic", 
        "value": 0.3803297334661529
    }
}