{
    "Ar36": {
        "error": 0.0001991156450900427, 
        "filter_outliers_dict": {
            "filter_outliers": true, 
            "iterations": 2, 
            "std_devs": 2
        }, 
        "fit": "Parabolic", 
        "value": 0.0030054952395195873
    }, 
    "Ar37": {
        "error": 0.01308150154365594, 
        "filter_outliers_dict": {
            "filter_outliers": true, 
            "iterations": 2, 
            "std_devs": 2
        }, 
        "fit": "linear", 
        "value": -0.019817679656320156
    }, 
    "Ar38": {
        "error": 0.012595082024500794, 
        "filter_outliers_dict": {
            "filter_outliers": true, 
            "iterations": 2, 
            "std_devs": 2
        }, 
        "fit": "linear", 
        "value": -0.11194972670309591
    }, 
    "Ar39": {
        "error": 0.025260928594405378, 
        "filter_outliers_dict": {
            "filter_outliers": true, 
            "iterations": 2, 
            "std_devs": 2
        }, 
        "fit": "Parabolic", 
        "value": 0.023868813227714097
    }, 
    "Ar40": {
        "error": 0.018887449486894935, 
        "filter_outliers_dict": {
            "filter_outliers": true, 
            "iterations": 2, 
            "std_devs": 2
        }, 
        "fit": "Parabolic", 
        "value": 0.12959375765562253
    }
}