{
    "Ar36": {
        "error": 0.004900475592991691, 
        "filter_outliers_dict": {
            "filter_outliers": true, 
            "iterations": 2, 
            "std_devs": 2
        }, 
        "fit": "Parabolic", 
        "value": 4.033444979751063
    }, 
    "Ar37": {
        "error": 0.018018850955208127, 
        "filter_outliers_dict": {
            "filter_outliers": true, 
            "iterations": 2, 
            "std_devs": 2
        }, 
        "fit": "linear", 
        "value": -0.00544860690355422
    }, 
    "Ar38": {
        "error": 0.014074087001491565, 
        "filter_outliers_dict": {
            "filter_outliers": true, 
            "iterations": 2, 
            "std_devs": 2
        }, 
        "fit": "linear", 
        "value": 0.6667518638579218
    }, 
    "Ar39": {
        "error": 0.025573452238796732, 
        "filter_outliers_dict": {
            "filter_outliers": true, 
            "iterations": 2, 
            "std_devs": 2
        }, 
        "fit": "Parabolic", 
        "value": 0.09411107237023394
    }, 
    "Ar40": {
        "error": 0.0974340782394013, 
        "filter_outliers_dict": {
            "filter_outliers": true, 
            "iterations": 2, 
            "std_devs": 2
        }, 
        "fit": "Parabolic", 
        "value": 1173.4286084867233
    }
}