{
    "Ar36": {
        "error": 0.0047455449734566234, 
        "filter_outliers_dict": {
            "filter_outliers": true, 
            "iterations": 2, 
            "std_devs": 2
        }, 
        "fit": "Parabolic", 
        "value": 3.9192687914193893
    }, 
    "Ar37": {
        "error": 0.012447585299187134, 
        "filter_outliers_dict": {
            "filter_outliers": true, 
            "iterations": 2, 
            "std_devs": 2
        }, 
        "fit": "linear", 
        "value": 0.03268148612862008
    }, 
    "Ar38": {
        "error": 0.014261308760651419, 
        "filter_outliers_dict": {
            "filter_outliers": true, 
            "iterations": 2, 
            "std_devs": 2
        }, 
        "fit": "linear", 
        "value": 0.6173822828502178
    }, 
    "Ar39": {
        "error": 0.024767296929555777, 
        "filter_outliers_dict": {
            "filter_outliers": true, 
            "iterations": 2, 
            "std_devs": 2
        }, 
        "fit": "Parabolic", 
        "value": 0.08818913930541572
    }, 
    "Ar40": {
        "error": 0.09421480320049623, 
        "filter_outliers_dict": {
            "filter_outliers": true, 
            "iterations": 2, 
            "std_devs": 2
        }, 
        "fit": "Parabolic", 
        "value": 1162.3088494184792
    }
}